lataxxyt,cffe3499-aeac-3a9d-815c-19ad3c694c1c
kiodj,94bd1246-5473-346f-805e-e1dc23b72bd7
shototorodoki,5df418d6-dab3-3b36-9bac-a48af83ce8f6
eframontv,dea88e13-a8bb-388e-ae27-3c77e255873a
uriel2245,ec669098-45d0-3192-90c0-ac3013f1d274
frankaluzo,457a8f6a-e2ed-3797-be11-42fc2ef064ad
henao,acbe08ea-7d3e-32f4-966f-2e4f71c2ae73
nicolas,ac9921ad-34ed-39bd-8c3f-58a38c141173
elvatopato,173391d3-0b3b-35ca-b0c2-42b14c4e3bec
jasr10,f9027797-4233-3fd5-89aa-4c291faa158b
mrarenoso,4548a6b6-03db-3b73-9269-a35139ccc2f8
antonio,7062b118-93e5-3672-b405-bcce8e6a44cd
whitestar1502,7c0e41b5-18e5-3f47-bf77-f1bd72e1de6f
ballona13,0017006d-48b0-32ad-91e8-47eb403b309e
armando,a38cb135-4a12-3fbf-b737-9dc3381e40a3
groucks,c053c5c0-1b12-3f4a-8b32-380261fd3413
el_gatocosmico,439ada20-5aca-33d6-aa6d-2dacf7adec5d
sebas123xd,b28cd156-1643-3882-a40f-e0f9ed5582a0
jeizon,40ec60dd-c9fd-3fc4-96e1-d4533dc879f6
eduardo,93478e31-e82c-329d-b56a-7ac015d56256
migue,d563806d-e24c-3155-9c84-b7f0ecd0c0e4
heidifranco,ff413097-cb3a-3e43-9f71-3f74e755bc98
sebastian,00e12677-e350-3e90-93d1-bcbf734736c0
jonatan2701,2a1b2102-f937-30c3-af93-f9c6d027d0a4
kerry31,2ab3b306-5047-3a9d-8827-a47b2c04abb0
diegosa12345,ec52e1d2-85a8-38ff-bc46-dffbc8cfb2da
jonicock,ed4feab2-b032-335d-aea3-7714ff7ea486
ofcors,ecb117fa-4b57-38fe-b0e2-bea3f88c1f42
riusplay123,2df788d0-0971-3d60-a0bb-777c2482557e
bpanci,f5b4ba76-7218-3b6a-b293-f3b3acdf270d
noob777h,6effe644-eec5-3e2e-90f0-acc22c4caa6d
andyjoel2020,3482f26d-daee-3940-aa51-70bb4f4173d6
stuart_pot_2d,7d387ffb-0bd6-377d-ae07-89627159f0e9
mikecrack,54785106-ecd7-32ba-bcb8-20d5f7b94dbd
trolardys,bd659f4f-fb8d-3cd8-b6df-0aca24d689e2
gaitoso,a094a161-51e5-3f71-978f-860bbfa242df
pedroskip12,8d5d6328-9442-37bb-8666-d71c16f177e0
elperrobueno,32a0d0ac-29b4-3090-8d2c-4603493beaee
frigolito99,f587355f-bb29-315f-9d9f-d2e5ae39d5b2
robethromelo,f127eb00-68b4-3740-89c7-ef6afae1657c
haidenmc,90a6ad1a-cdba-30ff-b9f4-ee0777f609fc
martin2055,70416608-199c-3d63-b753-e33d03d0b8d7
duotics,8f0c5bd7-08f7-3334-ae5a-188bde14d18d
diositachi1808,18ad68c8-5e85-3430-905e-a6bbcfcab0b0
fergonz2509,9f686b3c-9d4e-36a5-99c6-9ff185acfcee
dilan251050,340cade3-6a1e-3cf6-b6e4-8af81e4346c4
gamesdiego,5deaab8d-a22d-3a11-8b9f-18239dd31713
melachupan,ca40ddb7-7952-35de-8457-0a116f64d91a
carrlosduty,d3539345-35a9-3be0-8f77-a9281e6b6626
andreplaygame028,69999ba0-3a63-3caf-8aea-d44c20b9a17f
berlin,750353ef-f9fa-359c-acf0-53bf584e76a2
jhiirg,51b773b5-3a6c-39fe-b4e4-01380552c3ed
elpanda27,21231582-ea30-3dd3-8d6c-a607321804a5
elyuwinseacabo,abc1b291-c321-3e54-a97d-e260d3d680cf
mikecrak,fe92b3cd-c58b-36a6-a82a-3c04dc217215
dean99,1ac94420-5f7a-33a8-8c06-0445c030cd42
kutoconcon,46d7abdc-98dc-3660-bf59-f135544a8033
zkynexs,c5f024fa-7786-3e78-bb67-020e5649dfd0
pedrotacos,2dc5e41e-b170-3d3f-8379-29277d2168c8
sopaajinomen,eb2da1dd-783b-3aa6-8456-22906a7b1dcc
lobito_vicioso,362d71d6-08b3-35bd-8709-1a978af7383a
josefortnite07,e1452c82-7f83-333e-acb0-746a6b18952e
exodo54d,ac93f7df-cabb-3cb6-a68a-cf080b30ef6d
tinchoto69,d5bc0297-3694-31f5-b77d-b3c6020a4720
alfonso0902,12128921-dd4a-3d2c-81b9-9607d2adb257
marcelomonge06,9df01af9-dca1-3bd3-89c2-4943747a8795
sugaredcandy864,3bce0ec2-1734-346b-8da6-a9c08d0d3e30
emerson,4ae59ba5-46a5-31a2-bd3f-537c8d948a36
hersusilex,02041859-c701-3f6d-b8e9-6ee2ff079b43
migo99gameryt,a9e535b5-f3b7-305c-904a-26112c5edfa8
elfantax,49c234f5-8ab6-3f54-a4a2-3d3530a47738
safronjos,762302a2-0751-381e-bf82-666ac893b566
xb3njasx,f13549dc-baf3-3b6d-a9c5-548f787db38b
five,19e90311-ec14-3aeb-b752-1f58625b1239
mikecack,d56074d7-db0d-3d79-b74a-76b9f668c315
xxaleponxx,71012f00-f113-3dbe-ba81-3b556414d354
alejowsd,1b6f9dde-1704-32d8-8cff-8a65ad07b3a2
lulu10,cc6771a4-2573-3426-a3d4-dbfecad3311e
jordixhito,71eb860e-0750-329d-bc68-b2254c47133c
neftali,2d405478-c7af-3668-8e27-3f2db3e97f59
emerson_22,85c68c92-94ef-3985-9d5e-5135b0ba83c0
kutoplaygames,b9f92e1c-077f-3e8d-8615-21f8095f2e64
goodsjames,931deda6-038e-30c9-92a9-61f2c9c0bbd3
king,52b19882-70d7-3744-a121-8ac3258b0d31
henry_187,faa3517b-2595-385d-9060-918de45e55ad
minitimi,5e5b5dea-37c2-3591-8d25-d40cce4b0447
tommylang12,905adf22-ccfb-3225-84b2-cc31f1cb2eb6
tundra949,91b7244d-a0b9-3b9c-8e86-983450ee93aa
joryo,74d2356e-5e18-37b2-8552-4249b80c7d3d
ripe324_yt,02ff17bb-33b5-3728-9e43-52f060da29be
elfoftot666,55fe933e-0cb2-303a-820c-5a05a6e65c2e
leonel,2d34520e-fd2b-3455-a569-5de99ace65fc
mitca22,c2477353-f692-35cf-957f-6bc3edd594fa
dioshitachii,04890011-128b-31dc-823b-fbf673e01e34
elpollito,9bb0d221-5d49-3633-ac17-e882e768fe56
erick_zhv,4834fa85-21b9-31b8-8ebc-7f93867f2dfd
themaick,394dd876-d97a-3874-bb7f-4334adcf02a6
krouss,edd19975-5784-3ff2-b36f-80f45f5e6d4b
vividestbore,3798e68e-6834-38ff-bd45-aa82b00c9ad3
armadox11,ce392d45-ba53-396e-a241-501dc40821bc
sebastian39,d15dff33-818b-3df7-92ae-117b1c2d53e4
ramiroxxdd,13bae342-5917-3239-a9ad-582b56dd28d1
atenea17bm,f44b83d7-9247-3bca-a87c-f790b869f9b8
anggeloo,06abbe66-634b-3119-86ec-03621c5e6a92
armando141,1d6867e5-1e18-3dda-9b9d-f25b05ca8a63
joselevi,bbbc2ffb-889a-3e28-8a58-7787b2668b24
mikecrakc,8b7d79da-14af-3c0a-a21c-c98b2cf5c097
crissherrera,1d976a64-111b-3135-9c04-2f830ce51bda
5h4k,71ad9c50-27c6-3bf1-8af0-ba675e562177
abraham1201,fe6b2c34-d14f-3822-ad34-5578c53def6a
mundaca321,f37a3187-137d-319c-8565-cc257353bddf
yemerson_19,61c754f7-b8aa-3ab8-8164-60242ed19e54
kutokonkon,3ea4bef0-d054-39ba-8236-1f429805fd55
qubockbot,ea3f3fc9-70c4-30f3-8605-12589135dd0d
xrodogamer115x,ed505786-461a-3aba-b36f-54abd39f1bc8
orochiz,4c79e36b-2e4c-3aea-b364-fa4d98f92ce1
skitzo11elflakk,b2b6f0b9-9f2c-3032-957b-329e99d616b3
0danyms0,cb6b18ed-1ac5-30b0-af96-835192887c17
crismen_,42f1e88f-6bdb-39d1-b0c9-3b25a6734085
henry,7f3cac41-f70c-3310-a824-e250dd875126
francisco410,c1f2a0bb-ae06-38e2-b966-97616572d5a5
azulteco,7102c70d-f746-3894-9405-6877a4c8f2a5
wilmer58,e6855f37-a19c-3229-aa94-6fac3d126cd4
jaaciel,f2d5748b-fdd0-34ce-a3b3-96e3508cd860
foshqdor_,1249469b-adf5-389e-9827-5245debbd748
fots_faridxd114,5df4b00a-c102-34b9-a72c-47317b34844a
belin,a0a14694-aeff-3843-ac30-18bcb4a50a93
luzu252,0ba3104f-6968-3a1a-9fa1-a07cc008310e
juan123,87f5f3c9-812b-3e00-8781-5744df710cb7
lurd_top,d414f140-548c-3e05-864c-0ce4415f442c
